Title,Name,Surname,Initials,email address,Name on Publications ,Organisation,Address,Number of affiliations,Affiliation code,Affiliation address,Affiliation code2,Affiliation address3,ORCID ,Role,Notes
Prof. ,Harish,Poptani,H.,harish.poptani@LIVERPOOL.AC.UK,H. Poptani,Liverpool-ISMIB,"Institute of Systems, Molecular and Integrative Biology, University of Liverpool, Biosciences Building, Crown Street, Liverpool L69 7BE",False,,,,,,,
Prof. ,Timothy,Greenshaw,T.,green@liverpool.ac.uk,T. Greenshaw,Liverpool-Physics,"Department of Physics, University of Liverpool, Liverpool L69 7ZE, UK",False,,,,,,IB,
Prof. ,Peter,Weightman,P.,peterw@LIVERPOOL.AC.UK,P. Weightman,Liverpool-Physics,"Department of Physics, University of Liverpool, Liverpool L69 7ZE, UK",False,,,,,,,
Prof. ,Carsten,Welsch,C.P.,c.p.welsch@liverpool.ac.uk,Carsten P. Welsch,CI-Liverpool,"Department of Physics, University of Liverpool, Liverpool L69 7ZE, UK",True,CI-DL,"Cockcroft Institute, Daresbury Laboratory, Sci-Tech Daresbury, Keckwick Ln, Daresbury, Warrington UK",,,0000-0001-7085-0973,,
Dr.,Milaan,Patel,M.,Milaan.Patel@liverpool.ac.uk,M. Patel,CI-Liverpool,"Department of Physics, University of Liverpool, Liverpool L69 7ZE, UK",True,CI-DL,"Cockcroft Institute, Daresbury Laboratory, Sci-Tech Daresbury, Keckwick Ln, Daresbury, Warrington UK",,,,,
Dr.,Narender,Kumar,N.,Narender.Kumar@liverpool.ac.uk,N. Kumar,CI-Liverpool,"Department of Physics, University of Liverpool, Liverpool L69 7ZE, UK",True,CI-DL,"Cockcroft Institute, Daresbury Laboratory, Sci-Tech Daresbury, Keckwick Ln, Daresbury, Warrington UK",,,,,
