Title,Name,Surname,Initials,email address,Name on Publications ,Organisation,Address,Affiliations,ORCID ,Notes
Prof,Till,Eulenspiegel,T,galen.aymar@gmail.com,Galen Aymar ,ISIS,"ISIS Neutron and Muon Source, STFC Rutherford Appleton Laboratory, Harwell Oxford, Didcot OX11 0QX, UK",,,
Mr,Galen,Aymar,A.,galen.aymar@gmail.com,Galen Aymar ,ISIS,"ISIS Neutron and Muon Source, STFC Rutherford Appleton Laboratory, Harwell Oxford, Didcot OX11 0QX, UK",,,Happy to be included but haven
t contributed
Dr,Christopher ,Baker,C.,c.baker@swansea.ac.uk,Christopher J. Baker,Phys-Swan,"Department of Physics, Faculty of Science and Engineering, Swansea University, Singleton Park, Swansea, SA2 8PP",,0000-0002-9448-8419,
Dr,Elisabetta,Boella,E.,e.boella@lancaster.ac.uk,E. Boella,CI-Lanc,"Department of Physics, Lancaster University, Bailrigg, Lancaster LA1 4YW, UK","Cockcroft Institute, Sci-Tech Daresbury, Keckwick Lane, Warrington WA4 4AD, UK",0000-0003-1970-6794,
Prof,Philip ,Burrows,P.N.,Philip.burrows@physics.ox.ac.uk,Philip N. Burrows,JAI-Oxf,"John Adams Institute, University of Oxford, Keble Rd, Oxford, OX1 3RH.","Particle Physics, Denys Wilkinson Building, Keble Rd, Oxford, OX1 3RH",,
Prof,Ben ,Cox,B.,b.cox@ucl.ac.uk,B.T. Cox,Bio-Med-UCL,"Dept of Medical Physics and Biomedical Engineering, University College London, WC1E 6BT",,,
Mr,Titus-Stefan,Dascalu,TS,t.dascalu19@imperial.ac.uk,Titus-Stefan Dascalu,JAI-ICL,"John Adams Institute for Accelerator Science, Imperial College London, London SW7 2AZ, UK",,,
Dr,Nicholas,Dover,N.,nicholas.dover08@imperial.ac.uk,Nicholas P.Dover,JAI-ICL,"John Adams Institute for Accelerator Science, Imperial College London, London SW7 2AZ, UK",,,
Prof,Amato ,Giaccia,A.,<giaccia@stanford.edu>; amato.giaccia@oncology.ox.ac.uk,,OIRO,"Department of Oncology, University of Oxford, Old Road Campus Research Building, Roosevelt Drive, Oxford, OX3 7DQ, UK","Department of Radiation Oncology, Stanford University, Stanford, CA 94305, USA",,
Prof,Stephen,Gibson,S.,stephen.gibson@rh+D9:E10ul.ac.uk,S. M. Gibson,JAI-RHUL,"Department of Physics, Royal Holloway University of London, Egham, Surrey, TW20 0EX, UK","John Adams Institute, Royal Holloway University of London",0000-0002-1236-9249,
Dr ,Ross,Gray,R.,ross.gray@strath.ac.uk,Ross J. Gray,Strath,"SUPA Department of Physics, University of Strathclyde, Glasgow G4 0NG, UK",,0000-0003-0610-9595,
Emeritus Prof,Gareth,Jones,W.G.,w.g.jones@imperial.ac.uk,W. G. Jones,Phys-Imp,"Department of Physics, Imperial College London, Exhibition Road, London SW7 2AZ, UK","Imperial College London, CRUK PPI group, Charing Cross Hospital, London W6 8RF",0000-0002-9088-0149,
Prof,Karen,Kirkby,K.J.,
Karen.kirkby@manchester.ac.uk,Karen J Kirkby,Bio-Med-Manch,"Division of Cancer Sciences, Faculty of Biology, Medicine and Health, The University of Manchester, The Christie Proton Therapy Centre, The Cristie NHS Foundation Trust, Wimslow Rd, Manchester M20 4BX","Christie NHS Foundation Trust, Wilmslow Rd, Manchester, M20 4BX",," Deputy Director MAHSE (HSST), "
Mr,Ta-Jen,Kuo,TJ,ta-jen.kuo18@imperial.ac.uk,,JAI-ICL,"The John Adams Institute for Accelerator Science, Department of Physics, Imperial College London, Exhibition Road, London SW7 2AZ, UK",,,
Dr,Ajit,Kurup,A.,a.kurup@imperial.ac.uk,Ajit Kurup,ICL-Phys,"The John Adams Institute for Accelerator Science, Department of Physics, Imperial College London, Exhibition Road, London SW7 2AZ, UK","STFC Rutherford Appleton Laboratory, Harwell Oxford, Didcot OX11 0QX, UK",,
Prof,Kenneth,Long,K.R.,k.long@imperial.ac.uk,Kenneth R. Long ,JAI-ICL,"The John Adams Institute for Accelerator Science, Department of Physics, Imperial College London, Exhibition Road, London SW7 2AZ, UK","STFC Rutherford Appleton Laboratory, Harwell Oxford, Didcot OX11 0QX, UK",,
Prof,Wayne,Luk,W.G.,w.luk@imperial.ac.uk,Wayne Luk,ICL-Comp,"Department of Computing, Imperial College London, Exhibition Road, London SW7 2AZ",,,
Ms,Maria,Maxouti,M.,m.maxouti21@imperial.ac.uk,,JAI-ICL,"Department of Physics, Imperial College London, Exhibition Road, London SW7 2AZ, UK","STFC Rutherford Appleton Laboratory, Harwell Oxford, Didcot OX11 0QX, UK",0000-0002-9448-8419,
Ms,Josie,McGarrigle,J.M.,jmm119@ic.ac.uk,Josie M. McGarrigle","Institut Curie, 73 Rue Claude Bernard, 75005, Paris, France ",,
Prof,Paul,McKenna,P.,paul.mckenna@strath.ac.uk,Paul McKenna,Strath,"Department of Physics, SUPA, University of Strathclyde, Glasgow G4 0NG, UK","University of Strathclyde and Cockcroft Institiute for Accelerator Science, Daresbury",,
Dr,Ruth,McLauchlan,R.,ruth.mclauchlan@nhs.net,,RadPhys-Rbio-IC-NHS,"Dept. Radiation Physics and Radiobiology, Imperial College Healthcare NHS Trust, London, UK","Department of Physics, Imperial College London, Exhibition Road, London SW7 2AZ, UK",,
Prof,Zulfikar,Najmudin,Z.,z.najmudin@imperial.ac.uk,,JAI-ICL,"The John Adams Institute for Accelerator Science,Department of Physics, Imperial College London, Exhibition Road, London SW7 2AZ, UK",,0000-0001-6323-4005,
Prof,Jason,Parsons,J.L.,j.parsons@liverpool.ac.uk,J. L. Parsons ,Liv-DMCCM,"Department of Molecular and Clinical Cancer Medicine, University of Liverpool, Liverpool, L3 9TA, UK","The Clatterbridge Cancer Centre, Bebington, CH63 4JY, UK",,
Dr,Yolanda,Prezado,Y.,yolanda.prezado@curie.fr,Yolanda Prezado,Inst-Curie,"Institut Curie-Orsay Research Center, Bat a Campus d'Orsay, 91400 Orsay, France","Institut Curie, Universit PSL, CNRS UMR3347, Inserm U1021, Signalisation Radiobiologie et Cancer, 91400 Orsay, France",0000-0001-5957-2327,
Prof,Pat,Price,P.,p.price@imperial.ac.uk,,ICL-DSC,"Department of Surgery and Cancer, Imperial College, Hammersmith Hospital London W12 0NN",,,
Prof,Kevin ,Prise,K.M.,k.prise@qub.ac.uk,Kevin M. Prise ,PGJCCR-Queens,"Patrick G Johnston Centre for Cancer Research, Queens University Belfast, 97 Lisburn Road, Belfast, BT9 7AE",,0000-0001-6134-7946,
Prof,Giuseppe,Schettino,G.,giuseppe.schettino@npl.co.uk,Giuseppe Schettino ,Phys-Surry,"Department of Physics, University of Surrey, 388 Stag Hill, Guilford, ,GU2 7XH, UK","National Physical Laboratory, Hampton Road, Teddington, TW11 0LW, UK",,
Dr,William,Shields,W.,william.shields@rhul.ac.uk,,Phys-RHUL,"John Adams Institute, Department of Physics, Royal Holloway, University of London, Egham, TW20 0EX, UK",,,
Dr,John,Thomason,J.,john.thomason@stfc.ac.uk,J.W.G. Thomason,ISIS,"STFC, Rutherford Appleton Laboratory, Harwell Oxford, Didcot, OX11 0QX, UK ",,,
Prof,Carsten,Welsch,C.P.,c.p.welsch@liverpool.ac.uk,Carsten P. Welsch,Phys-Liv,"Department of Physics, University of Liverpool, Liverpool L69 7ZE, UK","Cockcroft Institute Daresbury WA4 4AD, UK",0000-0001-7085-0973,
Dr,Colin,Whyte,C.,colin.whyte@strath.ac.uk,,Strath,"Department of Physics, SUPA, University of Strathclyde, John Anderson Building, 107 Rottenrow East, Glasgow G4 0NG, UK","Cockcroft Institute, Daresbury Laboratory, Sci-Tech Daresbury, Keckwick Ln, Daresbury, Warrington UK",,
Prof,Phillip,Allport,P.,allport@cern.ch,P. Allport,Phys-Brm,"School of Physics and Astronomy, University of Birmingham, Edgbaston, Birmingham, B15 2TT, UK",,0000-0001-7303-2570,
Prof,Jeffrey,Bamber,J.,jeffrey.bamber@icr.ac.uk,J. Bamber,ICR,"The Institute of Cancer Research, 123 Old Brompton Road, London, SW7 3RP, UK",,0000-0001-9436-1832,
Prof,Paul,Beard,P.,paul.beard@ucl.ac.uk,P. Beard,Bio-Med-UCL,"Dept of Medical Physics and Biomedical Engineering, University College London, WC1E 6BT, UK",,,
Prof,Michael,Charlton,M.,m.charlton@swansea.ac.uk,M. Charlton,Phys-Swan,"Department of Physics, Swansea University, Singleton Park, Swansea, SA2 8PP, Wales, UK",,,
Dr,Charlotte,Palmer,C.,C.Palmer@qub.ac.uk,C. Palmer,Phys-Belf,"School of Mathematics and Physics, Queen's University Belfast, University Road, Belfast, BT7 1NN, Northern Ireland, UK",,0000-0002-3762-0380,
Dr,William,Bertsche,W.,william.bertsche@manchester.ac.uk,W. Bertsche,Manch-CI,"Department of Physics and Astronomy, The University of Manchester, Oxford Rd, Manchester, M13 9PL, UK",,0000-0002-6565-9282,
Prof,Robert,Bingham,R.,R.Bingham@rl.ac.uk,R. Bingham,Strath,"Department of Physics, SUPA, University of Strathclyde, John Anderson Building, 107 Rottenrow East, Glasgow G4 0NG, UK","Cockcroft Institute, Daresbury Laboratory, Sci-Tech Daresbury, Keckwick Ln, Daresbury, Warrington UK",,
Mr,Neil,Bliss,N.,neil.bliss@stfc.ac.uk,N. Bliss,STFC-DL,"STFC Daresbury Laboratory, Daresbury, Cheshire, WA4 4AD, UK",,,
Prof,Stewart,Boogert,S.,Stewart.Boogert@rhul.ac.uk,S. Boogert,JAI-RHUL,"John Adams Institute, Department of Physics, Royal Holloway, University of London, Egham, TW20 0EX, UK",,,
Prof,Marco,Borghesi,M.,m.borghesi@qub.ac.uk,M. Borghesi,Phys-Belf,"School of Mathematics and Physics, Queen's University Belfast, University Road, Belfast, BT7 1NN, Northern Ireland, UK",,,
Prof,James,Clarke,J.,jim.clarke@stfc.ac.uk,J. Clarke,STFC-DL,"STFC Daresbury Laboratory, Daresbury, Cheshire, WA4 4AD, UK",,,
Prof,Manjit,Dosanjh,M.,Manjit.Dosanjh@cern.ch,M. Dosanjh,CERN,"CERN, CH-1211 Geneva 23, Switzerland",,,
Dr,Oliver,Ettlinger,O.C.,o.ettlinger13@imperial.ac.uk,O.C. Ettlinger,JAI-ICL,"The John Adams Institute for Accelerator Science,Department of Physics, Imperial College London, Exhibition Road, London SW7 2AZ, UK",,,
Prof,Timothy,Greenshaw,T.,green@liverpool.ac.uk,T. Greenshaw,Phys-Liv,"Department of Physics, University of Liverpool, Liverpool L69 7ZE, UK",,,
Prof,Stuart,Green,S.,stuart.green@uhb.nhs.uk,S. Green,Phys-Brm,"Department of Medical Physics, University Hospital Birmingham Foundation NHS Trust, Edgbaston, Birmingham, B15 2TH",,,
Dr,Claire,Hardiman,C.,claire.hardiman@nhs.net,C. Hardiman,RadPhys-Rbio-IC-NHS,"Dept. Radiation Physics and Radiobiology, Imperial College Healthcare NHS Trust, London, UK",,,
Prof,Angus,Kirkland,A.,angus.kirkland@rfi.ac.uk,A. Kirkland,RFI,"Rosalind Franklin Institute, Harwell Campus, Didcot, OX11 0QX, UK","Department of Materials, University of Oxford, Parks Road, Oxford OX1 3PH, UK",,
Dr,Laura,Holland,L.,laura.holland@rfi.ac.uk,L. Holland,RFI,"Rosalind Franklin Institute, Harwell Campus, Didcot, OX11 0QX, UK",,,
Dr,Alex,Howard,A.,ahoward@mail.cern.ch,A. Howard,Phys-Imp,"Department of Physics, Imperial College London, Exhibition Road, London SW7 2AZ, UK",,,
Dr,Carl,Wheldon,C.,c.wheldon@bham.ac.uk,C. Wheldon,Phys-Brm,"School of Physics and Astronomy, University of Birmingham, Edgbaston, Birmingham, B15 2TT, UK",,,
Prof,Tzany,Kokalova,T.,t.kokalova@bham.ac.uk,T. Kokalova,Phys-Brm,"School of Physics and Astronomy, University of Birmingham, Edgbaston, Birmingham, B15 2TT, UK",,,
Dr,Tony,Price,T.,t.price@bham.ac.uk,T. Price,Phys-Brm,"School of Physics and Astronomy, University of Birmingham, Edgbaston, Birmingham, B15 2TT, UK",,,
Ms,Anthea,Macintosh Laroque,A.,anthea.macintosh-larocque18@IMPERIAL.AC.UK,A. Macintosh Laroque,ICL-Phys,"Department of Physics, Imperial College London, Exhibition Road, London SW7 2AZ, UK",,,
Dr,Hin Tung,Lau,H.T.,h.lau17@IMPERIAL.AC.UK,H.T. Lau,ICL-Phys,"Department of Physics, Imperial College London, Exhibition Road, London SW7 2AZ, UK",,,
Mr,Thongchai,Masilela,T.,thongchai.masilela@CURIE.FR,T. Masilela,Inst-Curie,"Institut Curie-Orsay Research Center, Bat a Campus d'Orsay, 91400 Orsay, France",,,
Dr,John,Matheson,J.,john.matheson@STFC.AC.UK,J. Matheson,STFC-RAL,"STFC, Rutherford Appleton Laboratory, Didcot, OX11 0QX3, UK",,,
Dr,Rajeev,Pattathil,R.,rajeev.pattathil@STFC.AC.UK,R. Pattathil,STFC-RAL,"STFC, Rutherford Appleton Laboratory, Didcot, OX11 0QX3, UK",,,
Dr,Christopher ,Rogers,C.,chris.rogers@STFC.AC.UK,C. Rogers,STFC-RAL,"STFC, Rutherford Appleton Laboratory, Didcot, OX11 0QX3, UK",,,
Dr,Jean-Baptiste,Lagrange,J.B.,jean-baptiste.lagrange@STFC.AC.UK,J.B. Lagrange,STFC-RAL,"STFC, Rutherford Appleton Laboratory, Didcot, OX11 0QX3, UK",,,
Dr,Juergen,Pozimski,J.,j.pozimski@IMPERIAL.AC.UK,J. Pozimski,JAI-ICL,"The John Adams Institute for Accelerator Science, Department of Physics, Imperial College London, Exhibition Road, London SW7 2AZ, UK","STFC, Rutherford Appleton Laboratory, Didcot, OX11 0QX3, UK",,
Dr,Jaroslaw,Pasternak,J.,j.pasternak@IMPERIAL.AC.UK,J. Pasternak,JAI-ICL,"The John Adams Institute for Accelerator Science, Department of Physics, Imperial College London, Exhibition Road, London SW7 2AZ, UK","STFC, Rutherford Appleton Laboratory, Didcot, OX11 0QX3, UK",,
Prof,Uwe,Oelfke,U.,uwe.oelfke@ICR.AC.UK,U. Oelfke,ICR,"The Institute of Cancer Research, 123 Old Brompton Road, London, SW7 3RP, UK",,,
Ms,Rebecca,Taylor,R.,rebecca.taylor18@IMPERIAL.AC.UK,R Taylor,JAI-ICL,"The John Adams Institute for Accelerator Science,Department of Physics, Imperial College London, Exhibition Road, London SW7 2AZ, UK","CERN, CH-1211 Geneva 23, Switzerland",,
Dr,Hywel,Owen,H.,hywel.owen@STFC.AC.UK,H. Owen,STFC-DL,"STFC Daresbury Laboratory, Daresbury, Cheshire, WA4 4AD, UK",,,
Prof,Harish,Poptani,H.,harish.poptani@LIVERPOOL.AC.UK,H. Poptani,Liv-ISMIB,"Institute of Systems, Molecular and Integrative Biology, University of Liverpool, Biosciences Building, Crown Street, Liverpool L69 7BE",,,
Prof,Peter,Ratoff,P.,p.ratoff@LANCASTER.AC.UK,P. Ratoff,CI-Lanc,"Department of Physics, Lancaster University, Bailrigg, Lancaster LA1 4YW, UK","Cockcroft Institute, Sci-Tech Daresbury, Keckwick Lane, Warrington WA4 4AD, UK",,
Dr,Michael,Merchant,M.,michael.merchant@MANCHESTER.AC.UK,M. Merchant,Bio-Med-Manch,"Division of Cancer Sciences, Faculty of Biology, Medicine and Health, The University of Manchester, The Christie Proton Therapy Centre, The Cristie NHS Foundation Trust, Wimslow Rd, Manchester M20 4BX",,,
Prof,Peter,Weightman,P.,peterw@LIVERPOOL.AC.UK,P. Weightman,Phys-Liv,"Department of Physics, University of Liverpool, Liverpool L69 7ZE, UK",,,
