Title,Name,Surname,Initials,email address,Name on Publications ,Organisation,Address,Number of affiliations,Affiliation code,Affiliation address,Affiliation code2,Affiliation address3,ORCID ,Role
Prof. ,Paul,McKenna,P.,paul.mckenna@strath.ac.uk,Paul McKenna,Strathclyde,"Department of Physics, SUPA, University of Strathclyde, Glasgow G4 0NG, UK",1,CI-Strth,"University of Strathclyde and Cockcroft Institiute for Accelerator Science, Daresbury",,,,IB
Dr,David,Spiers,D.,david.c.speirs@STRATH.AC.UK,D. Spiers,Strathclyde,"Department of Physics, SUPA, University of Strathclyde, Glasgow G4 0NG, UK",1,CI-Strth,"University of Strathclyde and Cockcroft Institiute for Accelerator Science, Daresbury",,,,
Prof. ,Robert,Bingham,R.,Bob.Bingham@stfc.ac.uk,R. Bingham,Strathclyde,"Department of Physics, SUPA, University of Strathclyde, Glasgow G4 0NG, UK",1,CLF,"Central Laser Facility, STFC Rutherford Appleton Laboratory, Harwell Oxford, Didcot OX11 0QX, UK",,,,
Dr ,Ross,Gray,R.,ross.gray@strath.ac.uk,Ross J. Gray,Strathclyde,"Department of Physics, SUPA, University of Strathclyde, Glasgow G4 0NG, UK",0,,,,,0000-0003-0610-9595,WPM-WPB
Dr,Matthew,Alderton,M.,MATTHEW.ALDERTON@STRATH.AC.UK,M. Alderton,Strathclyde,"Department of Physics, SUPA, University of Strathclyde, Glasgow G4 0NG, UK",,,,,,,